{"cameraMode":{"drawMode":0,"name":"Shaded","section":"Shading Mode"},"sceneLighting":false,"audioPlay":false,"sceneViewState":{"m_AlwaysRefresh":false,"showFog":true,"showSkybox":false,"showFlares":true,"showImageEffects":true,"showParticleSystems":true,"showVisualEffectGraphs":true,"m_FxEnabled":true},"in2DMode":false,"pivot":{"x":-10.902766227722168,"y":1.5508575439453126,"z":8.38120174407959},"rotation":{"x":-0.03251127898693085,"y":0.17036764323711396,"z":-0.005624291021376848,"w":-0.9848319888114929},"size":4.2649993896484379,"orthographic":false}